genes	Amplicons	Primer F	Primer R	start	end
PF3D7_1343700.1%Kelch13	K13_1.1	TCGTCGGCAGCGTCAGATGTGTATAAGAGACAGGCCTTGTTGAAAGAAGCAGA	GTCTCGTGGGCTCGGAGATGTGTATAAGAGACAGGTACACATACGCCAGCATTG	1278	1420
PF3D7_1343700.1%Kelch13	K13_1.2	TCGTCGGCAGCGTCAGATGTGTATAAGAGACAGAAGCTTATTTTGGAAGTGCTGT	GTCTCGTGGGCTCGGAGATGTGTATAAGAGACAGTTACTTGAAACATACCATACATCTCT	1438	1567
PF3D7_1343700.1%Kelch13	K13_1.3	TCGTCGGCAGCGTCAGATGTGTATAAGAGACAGCCGAATGTAGAAGCATATGATCA	GTCTCGTGGGCTCGGAGATGTGTATAAGAGACAGTCTCTCACCATTAGTTCCACC	1656	1790
PF3D7_1343700.1%Kelch13	K13_1.4	TCGTCGGCAGCGTCAGATGTGTATAAGAGACAGCTAGAAGTTCAGGAGCAGCT	GTCTCGTGGGCTCGGAGATGTGTATAAGAGACAGACACCATTTAGAAATTGCCATCT	1861	1996
PF3D7_1343700.1%Kelch13	K13_2.1	TCGTCGGCAGCGTCAGATGTGTATAAGAGACAGCCATTCCCATTAGTATTTTGTATAGGT	GTCTCGTGGGCTCGGAGATGTGTATAAGAGACAGACAGCACTTCCAAAATAAGCT	1320	1459
PF3D7_1343700.1%Kelch13	K13_2.2	TCGTCGGCAGCGTCAGATGTGTATAAGAGACAGTGAAACTGAGGTGTATGATCGT	GTCTCGTGGGCTCGGAGATGTGTATAAGAGACAGAGAAGAGCCATCATATCCCC	1517	1649
PF3D7_1343700.1%Kelch13	K13_2.3	TCGTCGGCAGCGTCAGATGTGTATAAGAGACAGGCTATGTGTGTTGCTTTTGATAA	GTCTCGTGGGCTCGGAGATGTGTATAAGAGACAGAGCTGCTCCTGAACTTCTAG	1731	1880
PF3D7_1343700.1%Kelch13	K13_2.4	TCGTCGGCAGCGTCAGATGTGTATAAGAGACAGTGAACATAACATATTAGATTCCGTTG	GTCTCGTGGGCTCGGAGATGTGTATAAGAGACAGCGCCATTTTCTCCTCCTGTA	1925	2070
PF3D7_1343700.1%Kelch13	K13_3.1	TCGTCGGCAGCGTCAGATGTGTATAAGAGACAGATTAGTCAACAATGCTGGCG	GTCTCGTGGGCTCGGAGATGTGTATAAGAGACAGACGATCATACACCTCAGTTTCA	1392	1538
PF3D7_1343700.1%Kelch13	K13_3.2	TCGTCGGCAGCGTCAGATGTGTATAAGAGACAGTGTGGTGTTACGTCAAATGG	GTCTCGTGGGCTCGGAGATGTGTATAAGAGACAGTAGGGGTATTCAAAGGTGCC	1593	1722
PF3D7_1343700.1%Kelch13	K13_3.3	TCGTCGGCAGCGTCAGATGTGTATAAGAGACAGGTGGAACTAATGGTGAGAGATTAA	GTCTCGTGGGCTCGGAGATGTGTATAAGAGACAGCCTCCAACAACATATATTTGATTAAGG	1771	1915
PF3D7_1343700.1%Kelch13	K13_3.4	TCGTCGGCAGCGTCAGATGTGTATAAGAGACAGAGCTGCCACATTGTCAGATT	GTCTCGTGGGCTCGGAGATGTGTATAAGAGACAGAAATCTGGGAACTAATAAAGATGGG	2021	2150
PF3D7_0709000.1%CRT	CRT_1.1	TCGTCGGCAGCGTCAGATGTGTATAAGAGACAGGTTCTTGTCTTGGTAAATG	GTCTCGTGGGCTCGGAGATGTGTATAAGAGACAGTTACCAATTTTGTTTAAAGT	289	439
PF3D7_0709000.1%CRT	CRT_1.2	TCGTCGGCAGCGTCAGATGTGTATAAGAGACAGactcctttttagATATCACTT	GTCTCGTGGGCTCGGAGATGTGTATAAGAGACAGttgttttcttacAATTAAGG	1049	1205
PF3D7_0709000.1%CRT	CRT_2.1	TCGTCGGCAGCGTCAGATGTGTATAAGAGACAGAAAAGAACTTTAAACAAAATTGGTAAC	GTCTCGTGGGCTCGGAGATGTGTATAAGAGACAGtcttacTTTTGAATTTCCCTTTTTA	414	542
PF3D7_0709000.1%CRT	CRT_2.2	TCGTCGGCAGCGTCAGATGTGTATAAGAGACAGtaatttttcattttctatgc	GTCTCGTGGGCTCGGAGATGTGTATAAGAGACAGtatctttttaattcttacGG	2288	2427
PF3D7_0709000.1%CRT	CRT_3.1	TCGTCGGCAGCGTCAGATGTGTATAAGAGACAGcttatgacctttttagGAAC	GTCTCGTGGGCTCGGAGATGTGTATAAGAGACAGCTTAATTGAAGAACAAATGA	700	843
PF3D7_1224000.1%GCH1_GTP-CH	GTP1_1.1	TCGTCGGCAGCGTCAGATGTGTATAAGAGACAGAAAGGTAATAATAACAATTTCTCAGGA	GTCTCGTGGGCTCGGAGATGTGTATAAGAGACAGGGTCTTCCTTCTCACATTCG	71	216
PF3D7_1224000.1%GCH1_GTP-CH	GTP1_2.1	TCGTCGGCAGCGTCAGATGTGTATAAGAGACAGTGAAAGTGAAGAAGAAAACTGTTAAA	GTCTCGTGGGCTCGGAGATGTGTATAAGAGACAGAATATATCACATTTTGGTAATTTGGA	505	673
PF3D7_1224000.1%GCH1_GTP-CH	GTP1_3.1	TCGTCGGCAGCGTCAGATGTGTATAAGAGACAGTTTTCAAGAATAGTTGATGTCTTTTC	GTCTCGTGGGCTCGGAGATGTGTATAAGAGACAGGCTCTTTAACTCCCCTCATATTT	909	1066
PF3D7_1372200.1%HRPIII	HRP3_1.1	TCGTCGGCAGCGTCAGATGTGTATAAGAGACAGGCAGCTGATGCTAATCACGG	GTCTCGTGGGCTCGGAGATGTGTATAAGAGACAGGGGCATCGTCATGGTGAGAA	650	761
PF3D7_1372200.1%HRPIII	HRP3_2.1	TCGTCGGCAGCGTCAGATGTGTATAAGAGACAGGCAGCTGATGCTAATCACGG	GTCTCGTGGGCTCGGAGATGTGTATAAGAGACAGCAAGCATTAGCTTTTGCATGATGT	650	732
PF3D7_1372200.1%HRPIII	HRP3_3.1	TCGTCGGCAGCGTCAGATGTGTATAAGAGACAGGCAGCTGATGCTAATCACGG	GTCTCGTGGGCTCGGAGATGTGTATAAGAGACAGTGAGAATCATCAAAACAAGCATTAGC	650	747
mal_mito_3%Cytb	cytb 1.1	TCGTCGGCAGCGTCAGATGTGTATAAGAGACAG ACATATGTTACTCCATCTCA	GTCTCGTGGGCTCGGAGATGTGTATAAGAGACAG CTTCTTTGTTCTGCTAATAA	750	895
mal_mito_3%Cytb	Cytb_2.1	TCGTCGGCAGCGTCAGATGTGTATAAGAGACAGCATTCTATGCTTTATTATGG	GTCTCGTGGGCTCGGAGATGTGTATAAGAGACAGGCTGTAATCATAATRTGTTC	973	1112
mal_mito_3%Cytb	Cytb_3.1	TCGTCGGCAGCGTCAGATGTGTATAAGAGACAGAAATGAGTTATTGGGGT	GTCTCGTGGGCTCGGAGATGTGTATAAGAGACAGTATGTATAAATACAATACATAATCC	394	561
PF3D7_0417200.1%DHFR-TS	DHFR_1.1	TCGTCGGCAGCGTCAGATGTGTATAAGAGACAGTGCGACGTTTTCGATATTTA	GTCTCGTGGGCTCGGAGATGTGTATAAGAGACAGTTCCATGGTAATACTCCTTTATTTC	15	145
PF3D7_0417200.1%DHFR-TS	DHFR 1.2	TCGTCGGCAGCGTCAGATGTGTATAAGAGACAGGATGAAGATGTTTATATCATTAACAAAG	GTCTCGTGGGCTCGGAGATGTGTATAAGAGACAGAAATTCTTGATAAACAACGGAAC	408	518
PF3D7_0417200.1%DHFR-TS	DHFR 2.1	TCGTCGGCAGCGTCAGATGTGTATAAGAGACAGCATATGTGCATGTTGTAAG	GTCTCGTGGGCTCGGAGATGTGTATAAGAGACAGGCACAAAAATATTTCATATC	38	178
PF3D7_0417200.1%DHFR-TS	DHFR 2.2	TCGTCGGCAGCGTCAGATGTGTATAAGAGACAGACTGTGGATAATGTAAATGATATGC	GTCTCGTGGGCTCGGAGATGTGTATAAGAGACAGAGACAATATAACATTTATCCTATTGCTTA	252	388
PF3D7_0417200.1%DHFR-TS	DHFR 3.1	TCGTCGGCAGCGTCAGATGTGTATAAGAGACAGAGGTTTTTAATAACTACACATTTAGAGG	GTCTCGTGGGCTCGGAGATGTGTATAAGAGACAGCAATTTTTCATATTTTGATTCATTC	88	218
PF3D7_0810800.1%PPPK-DHPS	DHPS_1.1	TCGTCGGCAGCGTCAGATGTGTATAAGAGACAGTGTTGAACCTAAACGTGCTG	GTCTCGTGGGCTCGGAGATGTGTATAAGAGACAGTTTTATATCATTCCATTCTTTTTGA	1399	1576
PF3D7_0810800.1%PPPK-DHPS	DHPS 1.2	TCGTCGGCAGCGTCAGATGTGTATAAGAGACAGCATGATCAATCTATTAAACTCTTACAAA	GTCTCGTGGGCTCGGAGATGTGTATAAGAGACAGTTGTTCATCATGTAATTTTTGTTG	1925	2074
PF3D7_0810800.1%PPPK-DHPS	DHPS_2.1	TCGTCGGCAGCGTCAGATGTGTATAAGAGACAGGTTCTAATGCATAAAAGAGGAAATCC	GTCTCGTGGGCTCGGAGATGTGTATAAGAGACAGGCAAATCCTAATCCAATATCAAAT	1754	1915
PF3D7_0810800.1%PPPK-DHPS	DHPS 3.1	TCGTCGGCAGCGTCAGATGTGTATAAGAGACAGACAATGGATAAACTAACAAATTATGATAATC	GTCTCGTGGGCTCGGAGATGTGTATAAGAGACAGTTTTGTAAGAGTTTAATAGATTGATCATGT	1784	1953
PF3D7_0523000.1%MDR1	MDR_1.1	TCGTCGGCAGCGTCAGATGTGTATAAGAGACAGAGGAGGAACATTACCTTTTT	GTCTCGTGGGCTCGGAGATGTGTATAAGAGACAGTCATGAAATTGTCCATCTTGATA	4444	4573
PF3D7_0523000.1%MDR1	MDR_1.2	TCGTCGGCAGCGTCAGATGTGTATAAGAGACAGAAAAAGAAGAATTATTGTAAATGCAG	GTCTCGTGGGCTCGGAGATGTGTATAAGAGACAGAAGGATTTCATAAAGTCATCAACTAA	3059	3199
PF3D7_0523000.1%MDR1	MDR_2.1	TCGTCGGCAGCGTCAGATGTGTATAAGAGACAGTTTAGAACAAGTGAGTTCAG	GTCTCGTGGGCTCGGAGATGTGTATAAGAGACAGCACCACAAACATAAATTAAC	473	627
PF3D7_0523000.1%MDR1	MDR_2.2	TCGTCGGCAGCGTCAGATGTGTATAAGAGACAGATGTAAATGAATTTTCAAAC	GTCTCGTGGGCTCGGAGATGTGTATAAGAGACAGATGGGTTCTTGACTAACTAT	3622	3772
PF3D7_0523000.1%MDR1	MDR_3.1	TCGTCGGCAGCGTCAGATGTGTATAAGAGACAGTGCATACTGTTATTAATTATGGTTTAGAA	GTCTCGTGGGCTCGGAGATGTGTATAAGAGACAGCTTTTAATTAAGAAGGATCCAAACCA	2997	3163
PF3D7_0831800.1%HRP2	HRP2_1.1	TCGTCGGCAGCGTCAGATGTGTATAAGAGACAGTCCGCATTTAATAATAACTTGTGTAGCA	GTCTCGTGGGCTCGGAGATGTGTATAAGAGACAGGCATCATCTACATGTGCTTGAGTT	221	315
PF3D7_0831800.1%HRP2	HRP2_2.1	TCGTCGGCAGCGTCAGATGTGTATAAGAGACAGAACTTGTGTAGCAAAAATGCAAAAGG	GTCTCGTGGGCTCGGAGATGTGTATAAGAGACAGGCATCATCTACATGTGCTTGAGTT	236	315
PF3D7_0831800.1%HRP2	HRP2_3.1	TCGTCGGCAGCGTCAGATGTGTATAAGAGACAGTGTGTAGCAAAAATGCAAAAGGAC	GTCTCGTGGGCTCGGAGATGTGTATAAGAGACAGTCTACATGTGCTTGAGTTTCGTG	240	309
PF3D7_1408000.1%PMII	PM2_1.1	TCGTCGGCAGCGTCAGATGTGTATAAGAGACAGGGCTTTATCAAAAGCAATTCA	GTCTCGTGGGCTCGGAGATGTGTATAAGAGACAGGAAGCCATACATTTTCATACACA	36	192
PF3D7_1408000.1%PMII	PM2_2.1	TCGTCGGCAGCGTCAGATGTGTATAAGAGACAGAGTGTTAAATGTACAACTGC	GTCTCGTGGGCTCGGAGATGTGTATAAGAGACAGAAATCTTTACTGAAAAATCC	501	640
PF3D7_1408000.1%PMII	PM2_3.1	TCGTCGGCAGCGTCAGATGTGTATAAGAGACAGTTAAAGTTGAAAATGCACATGA	GTCTCGTGGGCTCGGAGATGTGTATAAGAGACAGAATTCGATATTATCATTTGAACTACCT	250	394
PF3D7_1408000.1%PMII	PM2_3.2	TCGTCGGCAGCGTCAGATGTGTATAAGAGACAGAGAAAGATTTTATGAAGGAC	GTCTCGTGGGCTCGGAGATGTGTATAAGAGACAGTAAAAAGTCAGTTGGTACAG	892	1052
PF3D7_1008700.1%tubulin_beta_chain	HK_TUB_1.1	TCGTCGGCAGCGTCAGATGTGTATAAGAGACAGGAGGAATCCATTCGACAAAA	GTCTCGTGGGCTCGGAGATGTGTATAAGAGACAGAAATATGATGTGCGCAAGTG	467	615
PF3D7_1008700.1%tubulin_beta_chain	HK_TUB_2.1	TCGTCGGCAGCGTCAGATGTGTATAAGAGACAGACTAGTTAAAGGAGCAAACCCGA	GTCTCGTGGGCTCGGAGATGTGTATAAGAGACAGCAGCTGCAATGTCAGGTGTAAC	681	817
PF3D7_1008700.1%tubulin_beta_chain	HK_TUB_3.1	TCGTCGGCAGCGTCAGATGTGTATAAGAGACAGCCAATTATTTCCTGCACCTG	GTCTCGTGGGCTCGGAGATGTGTATAAGAGACAGACGAAGCAACAGGAGGTAGA	1203	1351
PF3D7_0717700.1%serine-tRNA_ligase	FK_Serine_tRNA_1.1	TCGTCGGCAGCGTCAGATGTGTATAAGAGACAGAGCTGCGTTGTTTAAAGCTC	GTCTCGTGGGCTCGGAGATGTGTATAAGAGACAGGGAACAATTCTGTATTGCTTTACC	372	513
PF3D7_0717700.1%serine-tRNA_ligase	FK_Serine_tRNA_2.1	TCGTCGGCAGCGTCAGATGTGTATAAGAGACAGTCGGCACATTCTTCCATAAT	GTCTCGTGGGCTCGGAGATGTGTATAAGAGACAGAGTAGCAGGTCATCGTGGTT	874	1029
PF3D7_0717700.1%serine-tRNA_ligase	FK_Serine_tRNA_3.1	TCGTCGGCAGCGTCAGATGTGTATAAGAGACAGCTTCGAGTTCAAATATACACTTCCTCC	GTCTCGTGGGCTCGGAGATGTGTATAAGAGACAGCGTAAAGAAAAAGGAGGGAATCCTG	1466	1595
PF3D7_0522400.1%20kb_before_MDR1	FG_MDR1_0522400_1.1	TCGTCGGCAGCGTCAGATGTGTATAAGAGACAGTGCATTTTCATCCCATTTATT	GTCTCGTGGGCTCGGAGATGTGTATAAGAGACAGAAAACTCTTCTTGAAATTCGATGT	27578	27727
PF3D7_0523700.1%20kb_after_MDR1	FG_MDR1_0523700_2.1	TCGTCGGCAGCGTCAGATGTGTATAAGAGACAGTTTTTCCATACGCTTTCATTTT	GTCTCGTGGGCTCGGAGATGTGTATAAGAGACAGACCACTCCTCTTTTAATTCCTCA	1969	2108
PF3D7_0831750.1%1.5kb_before_HRP2	FG_HRP2_0831750_2.1	TCGTCGGCAGCGTCAGATGTGTATAAGAGACAGAGGTATATATGCAGCACTCAGAAA	GTCTCGTGGGCTCGGAGATGTGTATAAGAGACAGTTTTGGCATATTTATTAACTGGTTC	83	240
PF3D7_0832100.1%rifin_10kb_after_HRP2	FG_HRP2_RIF_3.1	TCGTCGGCAGCGTCAGATGTGTATAAGAGACAGAGCATGCCTTTCATTAGCTG	GTCTCGTGGGCTCGGAGATGTGTATAAGAGACAGTCCCAATATTCTTGTTCACCTT	209	366
PF3D7_1407600.1%15kb_before_PM2	FG_PM2_1407600_new_3.1	TCGTCGGCAGCGTCAGATGTGTATAAGAGACAGAATTTGAAAACATGCAGCAA	GTCTCGTGGGCTCGGAGATGTGTATAAGAGACAGTTTTTCCCTCACTTTCATTTG	237	384
PF3D7_1409700.1%80kb_after_PM2	FG_PM2_1409700_1.1	TCGTCGGCAGCGTCAGATGTGTATAAGAGACAGTCAAGTTTATGCTTTGCCTTTT	GTCTCGTGGGCTCGGAGATGTGTATAAGAGACAGTGATAGATGTTGGAAATCAATTTTT	433	592
					
					
